{"cameraMode":{"drawMode":0,"name":"Shaded","section":"Shading Mode"},"sceneLighting":false,"audioPlay":false,"sceneViewState":{"m_AlwaysRefresh":false,"showFog":true,"showSkybox":false,"showFlares":true,"showImageEffects":true,"showParticleSystems":true,"showVisualEffectGraphs":true,"m_FxEnabled":true},"in2DMode":false,"pivot":{"x":30.840167999267579,"y":0.2584851384162903,"z":10.371467590332032},"rotation":{"x":-0.1962539702653885,"y":0.1555490791797638,"z":-0.030217980965971948,"w":-0.9680904746055603},"size":0.36261311173439028,"orthographic":false}