{"cameraMode":{"drawMode":0,"name":"Shaded","section":"Shading Mode"},"sceneLighting":false,"audioPlay":false,"sceneViewState":{"m_AlwaysRefresh":false,"showFog":true,"showSkybox":false,"showFlares":true,"showImageEffects":true,"showParticleSystems":true,"showVisualEffectGraphs":true,"m_FxEnabled":true},"in2DMode":false,"pivot":{"x":0.2528376579284668,"y":-0.11510337889194489,"z":-0.06437475234270096},"rotation":{"x":0.07294444739818573,"y":0.8437792062759399,"z":-0.11876510083675385,"w":0.5185914635658264},"size":0.3073950409889221,"orthographic":false}