{"cameraMode":{"drawMode":0,"name":"Shaded","section":"Shading Mode"},"sceneLighting":false,"audioPlay":false,"sceneViewState":{"m_AlwaysRefresh":false,"showFog":true,"showSkybox":false,"showFlares":true,"showImageEffects":true,"showParticleSystems":true,"showVisualEffectGraphs":true,"m_FxEnabled":true},"in2DMode":false,"pivot":{"x":21.9405574798584,"y":5.385791778564453,"z":-0.20464038848876954},"rotation":{"x":0.014361152425408364,"y":-0.8214939832687378,"z":0.011977448128163815,"w":0.571887195110321},"size":15.191055297851563,"orthographic":false}