{"cameraMode":{"drawMode":0,"name":"Shaded","section":"Shading Mode"},"sceneLighting":false,"audioPlay":false,"sceneViewState":{"m_AlwaysRefresh":false,"showFog":true,"showSkybox":false,"showFlares":true,"showImageEffects":true,"showParticleSystems":true,"showVisualEffectGraphs":true,"m_FxEnabled":true},"in2DMode":false,"pivot":{"x":32.7221565246582,"y":0.5816499590873718,"z":3.542294502258301},"rotation":{"x":-0.01527213305234909,"y":-0.9721487760543823,"z":0.23094037175178529,"w":-0.048486415296792987},"size":0.4486495852470398,"orthographic":false}