{"cameraMode":{"drawMode":0,"name":"Shaded","section":"Shading Mode"},"sceneLighting":false,"audioPlay":false,"sceneViewState":{"m_AlwaysRefresh":false,"showFog":true,"showSkybox":false,"showFlares":true,"showImageEffects":true,"showParticleSystems":true,"showVisualEffectGraphs":true,"m_FxEnabled":true},"in2DMode":false,"pivot":{"x":31.1004638671875,"y":0.4891987144947052,"z":9.80709457397461},"rotation":{"x":0.0030517708510160448,"y":0.9834315180778503,"z":-0.18207170069217683,"w":0.028202857822179796},"size":0.10055062919855118,"orthographic":false}