{"cameraMode":{"drawMode":0,"name":"Shaded","section":"Shading Mode"},"sceneLighting":false,"audioPlay":false,"sceneViewState":{"m_AlwaysRefresh":false,"showFog":true,"showSkybox":false,"showFlares":true,"showImageEffects":true,"showParticleSystems":true,"showVisualEffectGraphs":true,"m_FxEnabled":true},"in2DMode":false,"pivot":{"x":0.025676390156149865,"y":-1.3871948719024659,"z":0.4131591320037842},"rotation":{"x":0.5755167007446289,"y":-0.08337613940238953,"z":0.05897727981209755,"w":0.8115915060043335},"size":0.8442360758781433,"orthographic":false}