{"cameraMode":{"drawMode":0,"name":"Shaded","section":"Shading Mode"},"sceneLighting":false,"audioPlay":false,"sceneViewState":{"m_AlwaysRefresh":false,"showFog":true,"showSkybox":false,"showFlares":true,"showImageEffects":true,"showParticleSystems":true,"showVisualEffectGraphs":true,"m_FxEnabled":true},"in2DMode":false,"pivot":{"x":30.030969619750978,"y":0.7956473231315613,"z":7.603985786437988},"rotation":{"x":-0.01527213305234909,"y":-0.9721487760543823,"z":0.23094037175178529,"w":-0.048486415296792987},"size":0.08468709141016007,"orthographic":false}