{"cameraMode":{"drawMode":0,"name":"Shaded","section":"Shading Mode"},"sceneLighting":false,"audioPlay":false,"sceneViewState":{"m_AlwaysRefresh":false,"showFog":true,"showSkybox":false,"showFlares":true,"showImageEffects":true,"showParticleSystems":true,"showVisualEffectGraphs":true,"m_FxEnabled":true},"in2DMode":false,"pivot":{"x":-0.03353245183825493,"y":-0.02565769851207733,"z":-0.001117423176765442},"rotation":{"x":0.0319402739405632,"y":0.9393213391304016,"z":-0.0777503028512001,"w":0.33403897285461428},"size":0.24352924525737763,"orthographic":false}