{"cameraMode":{"drawMode":0,"name":"Shaded","section":"Shading Mode"},"sceneLighting":false,"audioPlay":false,"sceneViewState":{"m_AlwaysRefresh":false,"showFog":true,"showSkybox":false,"showFlares":true,"showImageEffects":true,"showParticleSystems":true,"showVisualEffectGraphs":true,"m_FxEnabled":true},"in2DMode":false,"pivot":{"x":0.005001068115234375,"y":-0.3619999885559082,"z":0.4406248927116394},"rotation":{"x":0.0674293115735054,"y":-0.8205097317695618,"z":0.10549324005842209,"w":0.5586397647857666},"size":0.5848913788795471,"orthographic":false}