{"cameraMode":{"drawMode":0,"name":"Shaded","section":"Shading Mode"},"sceneLighting":false,"audioPlay":false,"sceneViewState":{"m_AlwaysRefresh":false,"showFog":true,"showSkybox":false,"showFlares":true,"showImageEffects":true,"showParticleSystems":true,"showVisualEffectGraphs":true,"m_FxEnabled":true},"in2DMode":false,"pivot":{"x":35.68199920654297,"y":0.7429999709129334,"z":1.3589999675750733},"rotation":{"x":-0.018067719414830209,"y":0.010060422122478485,"z":0.003084145486354828,"w":-1.0007234811782838},"size":0.7778169512748718,"orthographic":false}