{"cameraMode":{"drawMode":0,"name":"Shaded","section":"Shading Mode"},"sceneLighting":false,"audioPlay":false,"sceneViewState":{"m_AlwaysRefresh":false,"showFog":true,"showSkybox":false,"showFlares":true,"showImageEffects":true,"showParticleSystems":true,"showVisualEffectGraphs":true,"m_FxEnabled":true},"in2DMode":false,"pivot":{"x":432.9031677246094,"y":197.9795379638672,"z":7.519268035888672},"rotation":{"x":0.06257347762584686,"y":0.055658839643001559,"z":-0.0034858447033911945,"w":0.9965078830718994},"size":0.5303627252578735,"orthographic":false}