{"cameraMode":{"drawMode":0,"name":"Shaded","section":"Shading Mode"},"sceneLighting":false,"audioPlay":false,"sceneViewState":{"m_AlwaysRefresh":false,"showFog":true,"showSkybox":false,"showFlares":true,"showImageEffects":true,"showParticleSystems":true,"showVisualEffectGraphs":true,"m_FxEnabled":true},"in2DMode":false,"pivot":{"x":1.0044498443603516,"y":-0.24000000953674317,"z":4.234959602355957},"rotation":{"x":0.16117946803569795,"y":-0.8041592240333557,"z":0.2518491744995117,"w":0.5140114426612854},"size":0.7549833655357361,"orthographic":false}