{"cameraMode":{"drawMode":0,"name":"Shaded","section":"Shading Mode"},"sceneLighting":false,"audioPlay":false,"sceneViewState":{"m_AlwaysRefresh":false,"showFog":true,"showSkybox":false,"showFlares":true,"showImageEffects":true,"showParticleSystems":true,"showVisualEffectGraphs":true,"m_FxEnabled":true},"in2DMode":false,"pivot":{"x":29.763029098510743,"y":0.6975889205932617,"z":7.4611101150512699},"rotation":{"x":0.47214236855506899,"y":0.4907495081424713,"z":-0.3708094656467438,"w":0.6323679089546204},"size":2.1930129528045656,"orthographic":false}