{"cameraMode":{"drawMode":0,"name":"Shaded","section":"Shading Mode"},"sceneLighting":true,"audioPlay":false,"sceneViewState":{"m_AlwaysRefresh":false,"showFog":true,"showSkybox":true,"showFlares":true,"showImageEffects":true,"showParticleSystems":true,"showVisualEffectGraphs":true,"m_FxEnabled":true},"in2DMode":false,"pivot":{"x":34.108970642089847,"y":0.5970695614814758,"z":0.703967273235321},"rotation":{"x":0.021604081615805627,"y":-0.9784632921218872,"z":0.14548592269420625,"w":0.1451653689146042},"size":0.08189845085144043,"orthographic":false}