{"cameraMode":{"drawMode":0,"name":"Shaded","section":"Shading Mode"},"sceneLighting":false,"audioPlay":false,"sceneViewState":{"m_AlwaysRefresh":false,"showFog":true,"showSkybox":false,"showFlares":true,"showImageEffects":true,"showParticleSystems":true,"showVisualEffectGraphs":true,"m_FxEnabled":true},"in2DMode":false,"pivot":{"x":30.008024215698243,"y":0.7890999913215637,"z":7.549717426300049},"rotation":{"x":0.5037558674812317,"y":0.20499707758426667,"z":-0.12725256383419038,"w":0.8301567435264587},"size":0.0614023357629776,"orthographic":false}