{"cameraMode":{"drawMode":0,"name":"Shaded","section":"Shading Mode"},"sceneLighting":false,"audioPlay":false,"sceneViewState":{"m_AlwaysRefresh":false,"showFog":true,"showSkybox":false,"showFlares":true,"showImageEffects":true,"showParticleSystems":true,"showVisualEffectGraphs":true,"m_FxEnabled":true},"in2DMode":false,"pivot":{"x":31.223093032836915,"y":0.41507405042648318,"z":9.819308280944825},"rotation":{"x":-0.08731647580862045,"y":-0.06282560527324677,"z":0.0014386922121047974,"w":-0.9945224523544312},"size":0.09125712513923645,"orthographic":false}